{
  "name": "WSW Codespace",
  "image": "mcr.microsoft.com/devcontainers/python:1-3.12",
  "features": {
    "ghcr.io/devcontainers/features/node": {
      "version": "20"
    }
  },
  "forwardPorts": [8000, 5173],
  "postCreateCommand": "bash -lc \"python -m venv .venv && . .venv/bin/activate && pip install --upgrade pip && pip install -r requirements.txt && python init_db.py && npm install --prefix frontend\"",
  "customizations": {
    "vscode": {
      "extensions": ["ms-python.python", "esbenp.prettier-vscode"]
    }
  }
}